{
  "repoSenseVersion": "07c16f1e79",
  "reportGeneratedTime": "Mon Mar 23 13:57:44 2020 UTC",
  "reportGenerationTime": " 9.94 second(s)",
  "repos": [
    {
      "location": {
        "location": "https://github.com/AY1920S2-CS2103T-F11-3/main.git",
        "repoName": "main",
        "organization": "AY1920S2-CS2103T-F11-3"
      },
      "branch": "master",
      "displayName": "AY1920S2-CS2103T-F11-3/main[master]",
      "outputFolderName": "AY1920S2-CS2103T-F11-3_main_master"
    }
  ],
  "errorList": [],
  "sinceDate": "2020-02-23",
  "untilDate": "2020-03-23",
  "isSinceDateProvided": false,
  "isUntilDateProvided": false
}
