{
  "repoSenseVersion": "f166e23b07",
  "reportGeneratedTime": "Mon Mar 16 13:54:15 2020 UTC",
  "reportGenerationTime": " 8.84 second(s)",
  "repos": [
    {
      "location": {
        "location": "https://github.com/AY1920S2-CS2103T-F11-3/main.git",
        "repoName": "main",
        "organization": "AY1920S2-CS2103T-F11-3"
      },
      "branch": "master",
      "displayName": "AY1920S2-CS2103T-F11-3/main[master]",
      "outputFolderName": "AY1920S2-CS2103T-F11-3_main_master"
    }
  ],
  "errorList": [],
  "sinceDate": "2020-02-16",
  "untilDate": "2020-03-16",
  "isSinceDateProvided": false,
  "isUntilDateProvided": false
}
