{
  "repoSenseVersion": "eb72f295ce",
  "reportGeneratedTime": "Sun Mar 22 13:57:14 2020 UTC",
  "reportGenerationTime": " 8.05 second(s)",
  "repos": [
    {
      "location": {
        "location": "https://github.com/AY1920S2-CS2103T-F11-3/main.git",
        "repoName": "main",
        "organization": "AY1920S2-CS2103T-F11-3"
      },
      "branch": "master",
      "displayName": "AY1920S2-CS2103T-F11-3/main[master]",
      "outputFolderName": "AY1920S2-CS2103T-F11-3_main_master"
    }
  ],
  "errorList": [],
  "sinceDate": "2020-02-22",
  "untilDate": "2020-03-22",
  "isSinceDateProvided": false,
  "isUntilDateProvided": false
}
