{
  "repoSenseVersion": "ac0909a177",
  "reportGeneratedTime": "Wed Mar 25 13:58:54 2020 UTC",
  "reportGenerationTime": " 10.06 second(s)",
  "repos": [
    {
      "location": {
        "location": "https://github.com/AY1920S2-CS2103T-F11-3/main.git",
        "repoName": "main",
        "organization": "AY1920S2-CS2103T-F11-3"
      },
      "branch": "master",
      "displayName": "AY1920S2-CS2103T-F11-3/main[master]",
      "outputFolderName": "AY1920S2-CS2103T-F11-3_main_master"
    }
  ],
  "errorList": [],
  "sinceDate": "2020-02-25",
  "untilDate": "2020-03-25",
  "isSinceDateProvided": false,
  "isUntilDateProvided": false
}
