{
  "repoSenseVersion": "v1.10.1",
  "reportGeneratedTime": "Mon Mar 2 13:30:12 2020 UTC",
  "repos": [
    {
      "location": {
        "location": "https://github.com/reposense/RepoSense.git",
        "repoName": "RepoSense",
        "organization": "reposense"
      },
      "branch": "master",
      "displayName": "reposense/RepoSense[master]",
      "outputFolderName": "reposense_RepoSense_master"
    }
  ],
  "errorList": [],
  "sinceDate": "2020-02-02",
  "untilDate": "2020-03-02",
  "isSinceDateProvided": false,
  "isUntilDateProvided": false
}
