{
  "repoSenseVersion": "v1.10.1",
  "reportGeneratedTime": "Wed Mar 4 13:34:39 2020 UTC",
  "repos": [
    {
      "location": {
        "location": "https://github.com/AY1920S2-CS2103T-F11-3/main.git",
        "repoName": "main",
        "organization": "AY1920S2-CS2103T-F11-3"
      },
      "branch": "master",
      "displayName": "AY1920S2-CS2103T-F11-3/main[master]",
      "outputFolderName": "AY1920S2-CS2103T-F11-3_main_master"
    }
  ],
  "errorList": [],
  "sinceDate": "2020-02-04",
  "untilDate": "2020-03-04",
  "isSinceDateProvided": false,
  "isUntilDateProvided": false
}
