{
  "repoSenseVersion": "af93ed1758",
  "reportGeneratedTime": "Tue Mar 24 13:58:21 2020 UTC",
  "reportGenerationTime": " 9.21 second(s)",
  "repos": [
    {
      "location": {
        "location": "https://github.com/AY1920S2-CS2103T-F11-3/main.git",
        "repoName": "main",
        "organization": "AY1920S2-CS2103T-F11-3"
      },
      "branch": "master",
      "displayName": "AY1920S2-CS2103T-F11-3/main[master]",
      "outputFolderName": "AY1920S2-CS2103T-F11-3_main_master"
    }
  ],
  "errorList": [],
  "sinceDate": "2020-02-24",
  "untilDate": "2020-03-24",
  "isSinceDateProvided": false,
  "isUntilDateProvided": false
}
