{
  "authorDailyContributionsMap": {
    "leslieharland": [
      {
        "insertions": 5053,
        "deletions": 5601,
        "date": "2020-02-29",
        "commitResults": [
          {
            "hash": "66831c8fc3698e878b1683758217f97b10786ead",
            "messageTitle": "Rename old references (#56)",
            "messageBody": "",
            "insertions": 5053,
            "deletions": 5601
          }
        ]
      },
      {
        "insertions": 1141,
        "deletions": 234,
        "date": "2020-03-01",
        "commitResults": [
          {
            "hash": "3667b9aba4a5478f92088eede1b3344de03c8089",
            "messageTitle": "App commands (#57)",
            "messageBody": "* Rename old references (#56)\r\n\r\n* Screen navigability for valid commands\r\n",
            "insertions": 667,
            "deletions": 83
          },
          {
            "hash": "4c6967954879bda3b52f1baac5ca155346f2c28d",
            "messageTitle": "show user directions (#59)",
            "messageBody": "",
            "insertions": 474,
            "deletions": 151
          }
        ]
      },
      {
        "insertions": 1598,
        "deletions": 223,
        "date": "2020-03-02",
        "commitResults": [
          {
            "hash": "825bd77fd570985af359279360f4ab32a1054d1c",
            "messageTitle": "show stalls",
            "messageBody": "",
            "insertions": 322,
            "deletions": 16
          },
          {
            "hash": "eb71f5db8feb2b23a216a97296574ec21a1c82fb",
            "messageTitle": "implement storage for stall",
            "messageBody": "",
            "insertions": 1276,
            "deletions": 207
          }
        ]
      },
      {
        "insertions": 203,
        "deletions": 46,
        "date": "2020-03-11",
        "commitResults": [
          {
            "hash": "c0ebaa77975efb72307ddc6826d2a6cabb40f30b",
            "messageTitle": "List the nearest canteen from block",
            "messageBody": "",
            "insertions": 144,
            "deletions": 38
          },
          {
            "hash": "e0b4ed6208516b18f28c2d2dfd0d12dd90dd2762",
            "messageTitle": "Enters the correct canteen when specified index",
            "messageBody": "",
            "insertions": 59,
            "deletions": 8
          }
        ]
      },
      {
        "insertions": 663,
        "deletions": 261,
        "date": "2020-03-15",
        "commitResults": [
          {
            "hash": "863490018ba542badf0beaae191c443d695e5fca",
            "messageTitle": "Tests to reach support level",
            "messageBody": "",
            "insertions": 663,
            "deletions": 261
          }
        ]
      },
      {
        "insertions": 388,
        "deletions": 74,
        "date": "2020-03-16",
        "commitResults": [
          {
            "hash": "ea86e0e9974206dc549241c00dc54c0c44b32e2e",
            "messageTitle": "Able to set and view favorites",
            "messageBody": "",
            "insertions": 388,
            "deletions": 74
          }
        ]
      },
      {
        "insertions": 131,
        "deletions": 20,
        "date": "2020-03-20",
        "commitResults": [
          {
            "hash": "dc54b1cae070115ba52a84655d998310a7bb1d84",
            "messageTitle": "Portfolio page Leslie and \"bug fix #101\"",
            "messageBody": "",
            "insertions": 131,
            "deletions": 20
          }
        ]
      },
      {
        "insertions": 735,
        "deletions": 285,
        "date": "2020-03-21",
        "commitResults": [
          {
            "hash": "0d1967d9e6ff0dd9b229cdbb9313b4233f8f9a91",
            "messageTitle": "Gui update using JavaFX",
            "messageBody": "",
            "insertions": 735,
            "deletions": 285
          }
        ]
      },
      {
        "insertions": 1341,
        "deletions": 95,
        "date": "2020-03-23",
        "commitResults": [
          {
            "hash": "21530b273dffefd222139ee5baac39feda794be0",
            "messageTitle": "added unit tests",
            "messageBody": "",
            "insertions": 569,
            "deletions": 80
          },
          {
            "hash": "d299a33b1f12f15e00c04fa39843f18add2463ac",
            "messageTitle": "Update badges",
            "messageBody": "- Code quality with Codacy\n- Coverage badge to show most recent coverage after new commit has ran coverage check\n",
            "insertions": 2,
            "deletions": 2
          },
          {
            "hash": "96b40598fd84a957ba0346fc9d5510eb7face1fb",
            "messageTitle": "Ui tests",
            "messageBody": "",
            "insertions": 770,
            "deletions": 13
          }
        ]
      },
      {
        "insertions": 18,
        "deletions": 47,
        "date": "2020-03-24",
        "commitResults": [
          {
            "hash": "7f1ed4688b2d2a28d29be2ce936b0a4494300ba6",
            "messageTitle": "Modified travis.yml",
            "messageBody": "",
            "insertions": 18,
            "deletions": 47
          }
        ]
      },
      {
        "insertions": 335,
        "deletions": 172,
        "date": "2020-03-27",
        "commitResults": [
          {
            "hash": "667cc7c8cfd84cd097906f1e838f083d3241f6e8",
            "messageTitle": "Permanent fix \u0027#103\u0027 for invalid index and update to favorites feature (#79)",
            "messageBody": "",
            "insertions": 335,
            "deletions": 172
          }
        ]
      },
      {
        "insertions": 150,
        "deletions": 77,
        "date": "2020-03-28",
        "commitResults": [
          {
            "hash": "7e8635161e6dac4edef81d03f75ca89c65f9c419",
            "messageTitle": "User guide to follow style standards",
            "messageBody": "",
            "insertions": 150,
            "deletions": 77
          }
        ]
      },
      {
        "insertions": 157,
        "deletions": 49,
        "date": "2020-03-29",
        "commitResults": [
          {
            "hash": "1c1e73f27aa94756a4bdc7cf7397b3a01d9a3136",
            "messageTitle": "Fix bugs (#126)",
            "messageBody": "",
            "insertions": 157,
            "deletions": 49
          }
        ]
      }
    ],
    "lsjxavier": [
      {
        "insertions": 407,
        "deletions": 14,
        "date": "2020-03-04",
        "commitResults": [
          {
            "hash": "a617d3295d470d36c648f4246ff6b1fa2a4c689c",
            "messageTitle": "Implement budget set and view commands",
            "messageBody": "",
            "insertions": 406,
            "deletions": 11
          },
          {
            "hash": "1a522d77ccb20c86924d3c42f1ebf3d84c486491",
            "messageTitle": "Fix checkstyle Test error.",
            "messageBody": "",
            "insertions": 1,
            "deletions": 3
          }
        ]
      },
      {
        "insertions": 1140,
        "deletions": 139,
        "date": "2020-03-11",
        "commitResults": [
          {
            "hash": "09713a518825f6f6db4f6d6714389c9716cc790d",
            "messageTitle": "Branch foodiebot report/transaction foundation (#70)",
            "messageBody": "Add date and date range support, improved ArgumentMultimap",
            "insertions": 1140,
            "deletions": 139
          }
        ]
      },
      {
        "insertions": 37,
        "deletions": 16,
        "date": "2020-03-13",
        "commitResults": [
          {
            "hash": "2c127b6ef0155ed8a79d0819ea7555854754311a",
            "messageTitle": "Improve Budget message, bypass file save for Report and Transactions (#80)",
            "messageBody": "* Improve Budget message, bypass file save for Report and Transactions",
            "insertions": 37,
            "deletions": 16
          }
        ]
      },
      {
        "insertions": 11,
        "deletions": 1,
        "date": "2020-03-16",
        "commitResults": [
          {
            "hash": "c165c755b9db2d6ee33eb92b3702f4765e23b8ba",
            "messageTitle": "Improved modifying of remaining budget",
            "messageBody": "",
            "insertions": 11,
            "deletions": 1
          }
        ]
      },
      {
        "insertions": 139,
        "deletions": 41,
        "date": "2020-03-19",
        "commitResults": [
          {
            "hash": "f27666971b54cbe2d0fb40395a63fda1180c3d2a",
            "messageTitle": "Add Javadocs (#96)",
            "messageBody": "Add Javadocs\r\nFixed an issue where a change in system date does not reset budget if at the end of a budget cycle.",
            "insertions": 139,
            "deletions": 41
          }
        ]
      },
      {
        "insertions": 611,
        "deletions": 19,
        "date": "2020-03-22",
        "commitResults": [
          {
            "hash": "776cabc2a1980c6702ce29fd5effac773f9305d2",
            "messageTitle": "Bridging select feature to transactions feature (#107)",
            "messageBody": "* Select function now saves to file.",
            "insertions": 611,
            "deletions": 19
          }
        ]
      },
      {
        "insertions": 289,
        "deletions": 36,
        "date": "2020-03-23",
        "commitResults": [
          {
            "hash": "98f966c4c21a34111d20d16a1f6c7c9caaad611c",
            "messageTitle": "Transactions (#111)",
            "messageBody": "Update Transactions feature to show purchased food.",
            "insertions": 289,
            "deletions": 36
          }
        ]
      },
      {
        "insertions": 294,
        "deletions": 17,
        "date": "2020-03-24",
        "commitResults": [
          {
            "hash": "4aab97329bb7269a92d3d17a6c4515fa6e078e8e",
            "messageTitle": "Add Rating \u0026 Review feature. (#114)",
            "messageBody": "",
            "insertions": 244,
            "deletions": 10
          },
          {
            "hash": "219898e5076629ed88fae4838ef3934400dc26e5",
            "messageTitle": "Filter transactions by week (#115)",
            "messageBody": "",
            "insertions": 50,
            "deletions": 7
          }
        ]
      },
      {
        "insertions": 30,
        "deletions": 15,
        "date": "2020-03-25",
        "commitResults": [
          {
            "hash": "313b91e119775883793a68d965e0077f9ef6c029",
            "messageTitle": "Minor update to UG (#117)",
            "messageBody": "",
            "insertions": 30,
            "deletions": 15
          }
        ]
      },
      {
        "insertions": 124,
        "deletions": 42,
        "date": "2020-03-26",
        "commitResults": [
          {
            "hash": "3019098da7cfe9fa3b35ad7176290e2091d9a3fd",
            "messageTitle": "Show filtered list of transactions during the cycle period in budget view. (#122)",
            "messageBody": "",
            "insertions": 124,
            "deletions": 42
          }
        ]
      },
      {
        "insertions": 350,
        "deletions": 21,
        "date": "2020-03-30",
        "commitResults": [
          {
            "hash": "68ddcced032b8efff897fb60213eee30eb6a080b",
            "messageTitle": "Add report feature (#135)",
            "messageBody": "",
            "insertions": 350,
            "deletions": 21
          }
        ]
      }
    ],
    "Samanthaseahpl": [
      {
        "insertions": 163,
        "deletions": 149,
        "date": "2020-03-02",
        "commitResults": [
          {
            "hash": "317c932d63c7f455f971c3fd56464f66da3d76cc",
            "messageTitle": "UpdateUserGuide_0.7",
            "messageBody": "",
            "insertions": 111,
            "deletions": 91
          },
          {
            "hash": "342a3c9e9e53eb10ef63db707fa2760b69583173",
            "messageTitle": "UpdateUserGuide_0.8",
            "messageBody": "",
            "insertions": 36,
            "deletions": 40
          },
          {
            "hash": "dd0f6e588639f065ceb2b7afc949b5eaa6cb65a3",
            "messageTitle": "UpdateUserGuide_0.9",
            "messageBody": "",
            "insertions": 16,
            "deletions": 18
          }
        ]
      },
      {
        "insertions": 1123,
        "deletions": 72,
        "date": "2020-03-05",
        "commitResults": [
          {
            "hash": "4a96f0f84a8abf5d8fb49935a5d282aabc4ca9b9",
            "messageTitle": "Documentation v1.1",
            "messageBody": "",
            "insertions": 1123,
            "deletions": 72
          }
        ]
      },
      {
        "insertions": 147,
        "deletions": 25,
        "date": "2020-03-07",
        "commitResults": [
          {
            "hash": "832ae969b322dd7ef866fab2a5248aeb9e358bf1",
            "messageTitle": "branch-randomize get 1 canteen name only.",
            "messageBody": "",
            "insertions": 147,
            "deletions": 25
          }
        ]
      },
      {
        "insertions": 85,
        "deletions": 22,
        "date": "2020-03-15",
        "commitResults": [
          {
            "hash": "cb6060e2f0e536afbc152eb38afdfde8c8b7ea01",
            "messageTitle": "randomise generate a list of options",
            "messageBody": "",
            "insertions": 85,
            "deletions": 22
          }
        ]
      },
      {
        "insertions": 529,
        "deletions": 320,
        "date": "2020-03-16",
        "commitResults": [
          {
            "hash": "fb35969cf6cdc7c84ae17208169bf01747a94897",
            "messageTitle": "Documentation - v1.2 (#90)",
            "messageBody": "* branch-documentation\r\n\r\n* branch-documentation\r\n\r\n* Documentation for v1.2\r\n\r\n* fixup! Documentation for v1.2\r\n\r\nCo-authored-by: Xavier Lee \u003c43834485+lsjxavier@users.noreply.github.com\u003e",
            "insertions": 529,
            "deletions": 320
          }
        ]
      },
      {
        "insertions": 216,
        "deletions": 60,
        "date": "2020-03-19",
        "commitResults": [
          {
            "hash": "9aeeb89fc0b639b86abb2aa4324ccd7106a71838",
            "messageTitle": "Randomize options based on canteen - Use \"c/\" flags to randomize by canteen",
            "messageBody": "",
            "insertions": 216,
            "deletions": 60
          }
        ]
      },
      {
        "insertions": 225,
        "deletions": 87,
        "date": "2020-03-22",
        "commitResults": [
          {
            "hash": "c9f7578179ee65100f7e3f6341e08f7a4c4aa0c8",
            "messageTitle": "branch-randomize (#108)",
            "messageBody": "- include tag \"t/\" function.\r\n- able to randomize with index for canteen \"c/\" only.",
            "insertions": 225,
            "deletions": 87
          }
        ]
      },
      {
        "insertions": 317,
        "deletions": 273,
        "date": "2020-03-25",
        "commitResults": [
          {
            "hash": "a5c0d043194c0a996383320c49f94d79780ea60d",
            "messageTitle": "Branch documentation (#118)",
            "messageBody": "* branch-randomize\n- include tag \"t/\" function.\n- able to randomize with index for canteen \"c/\" only.\n\n* branch-Documentation\n- Updated randomize function",
            "insertions": 317,
            "deletions": 273
          }
        ]
      },
      {
        "insertions": 165,
        "deletions": 37,
        "date": "2020-03-26",
        "commitResults": [
          {
            "hash": "a8300bf042f55bd28277f86c092c7014d1f2daa1",
            "messageTitle": "Branch user interface (#121)",
            "messageBody": "* Setting up UI\r\n\r\n* branch-randomize\r\n- include tag \"t/\" function.\r\n- able to randomize with index for canteen \"c/\" only.\r\n\r\n* branch-randomizeUI\r\n- get a blank panel\r\n\r\n* branch-randomize-UI",
            "insertions": 165,
            "deletions": 37
          }
        ]
      },
      {
        "insertions": 1167,
        "deletions": 414,
        "date": "2020-03-30",
        "commitResults": [
          {
            "hash": "684c8931cb3dd0c0fab372a78f3f158032db8536",
            "messageTitle": "Branch documentation (#134)",
            "messageBody": "* branch-randomize-diagrams\r\n-sequence diagram\r\n-activity diagram\r\n\r\n* branch-documentation\r\n- update dg\r\n- update ug",
            "insertions": 1167,
            "deletions": 414
          }
        ]
      }
    ],
    "shaungoh97": [
      {
        "insertions": 48,
        "deletions": 4,
        "date": "2020-03-07",
        "commitResults": [
          {
            "hash": "ac0a82a2f4428f3418a778b1d30f7d988f86fb84",
            "messageTitle": "added canteen stalls",
            "messageBody": "",
            "insertions": 39,
            "deletions": 3
          },
          {
            "hash": "ccb7d969023840782b9d66ab613ef080a628e883",
            "messageTitle": "Able to exit from stall interface to canteen interface",
            "messageBody": "",
            "insertions": 9,
            "deletions": 1
          }
        ]
      },
      {
        "insertions": 65,
        "deletions": 45,
        "date": "2020-03-09",
        "commitResults": [
          {
            "hash": "a31e1a92e951a59eb4b5658c17e93dac686be779",
            "messageTitle": "refixed exit, list in wrong context",
            "messageBody": "",
            "insertions": 52,
            "deletions": 23
          },
          {
            "hash": "4164098943fe7d8fbe53dc67582119bdc2993345",
            "messageTitle": "Managed to fixed updatedFilteredStalls",
            "messageBody": "",
            "insertions": 9,
            "deletions": 2
          },
          {
            "hash": "79b3ee0d174ef092612df5e935cc83bd07bc2c6c",
            "messageTitle": "Refixed updatefilteredstalls, actually it was correct to use predicate, dont need new method",
            "messageBody": "",
            "insertions": 4,
            "deletions": 20
          }
        ]
      },
      {
        "insertions": 610,
        "deletions": 81,
        "date": "2020-03-10",
        "commitResults": [
          {
            "hash": "a8b114c26b60be3f6be0da20ca593d6eedc4617d",
            "messageTitle": "Buggy context, but can access stalls and view food",
            "messageBody": "",
            "insertions": 562,
            "deletions": 31
          },
          {
            "hash": "0bbb1ddcbedc889f104985876b791dc4a476da47",
            "messageTitle": "Fixed entering canteen with text bug",
            "messageBody": "",
            "insertions": 9,
            "deletions": 6
          },
          {
            "hash": "7cf7147567868b4ce608f20bf36f95eb322f1fe0",
            "messageTitle": "Fixed entering stall with text bug",
            "messageBody": "",
            "insertions": 10,
            "deletions": 6
          },
          {
            "hash": "91dc9460a76b05c095a9c7d3491794854c858472",
            "messageTitle": "Fixed checkstyles",
            "messageBody": "",
            "insertions": 23,
            "deletions": 26
          },
          {
            "hash": "13b9ac39b07832df8ac0d775fd6b7952d81cc071",
            "messageTitle": "Fixed more errors",
            "messageBody": "",
            "insertions": 6,
            "deletions": 11
          },
          {
            "hash": "34b9f0a3e1691c612de4b003b60286b386900f69",
            "messageTitle": "Fixed checkstyle",
            "messageBody": "",
            "insertions": 0,
            "deletions": 1
          }
        ]
      },
      {
        "insertions": 2,
        "deletions": 5,
        "date": "2020-03-12",
        "commitResults": [
          {
            "hash": "2f57188a236acf9debd59e126dd91af66f627db0",
            "messageTitle": "Fixed bug",
            "messageBody": "",
            "insertions": 2,
            "deletions": 5
          }
        ]
      },
      {
        "insertions": 8,
        "deletions": 1470,
        "date": "2020-03-14",
        "commitResults": [
          {
            "hash": "a4f30690f711535adfbd49a988166f805acf29e2",
            "messageTitle": "reloaded deck (#81)",
            "messageBody": "",
            "insertions": 8,
            "deletions": 1470
          }
        ]
      },
      {
        "insertions": 178,
        "deletions": 53,
        "date": "2020-03-17",
        "commitResults": [
          {
            "hash": "4b09887495e58d46e772719e83aab5504d8e419f",
            "messageTitle": "Select Food Function",
            "messageBody": "* Implemented SelectItemCommand\r\n\r\n* Small UI updates\r\n\r\n* Update SelectItemCommandParser.java\r\n\r\n* Update SelectItemCommand.java\r\n",
            "insertions": 178,
            "deletions": 53
          }
        ]
      },
      {
        "insertions": 245,
        "deletions": 106,
        "date": "2020-03-20",
        "commitResults": [
          {
            "hash": "4fcc3dc1595d6f14942069ee468c2a12b331a673",
            "messageTitle": "Added food tags and pictures",
            "messageBody": "",
            "insertions": 202,
            "deletions": 67
          },
          {
            "hash": "accba2ef9db6d266acbc22311d3c38efa6492937",
            "messageTitle": "Fixed tag errors  (#100)",
            "messageBody": "",
            "insertions": 43,
            "deletions": 39
          }
        ]
      },
      {
        "insertions": 64,
        "deletions": 34,
        "date": "2020-03-23",
        "commitResults": [
          {
            "hash": "ad959a5c7cc3e749068ae0be632b1845cc80633f",
            "messageTitle": "Edit UG/DG and fixed duplicate stall bug (#110)",
            "messageBody": "* Fixed duplicate stall bug, edit UG/DG\r\n\r\n* Edit Ug/dg, fixed duplicate stall name bug\r\n\r\n* checkstyle\r\n\r\n* Fixed checkstyles\r\n\r\n* checkstyle\r\n\r\n* checkstyle",
            "insertions": 64,
            "deletions": 34
          }
        ]
      },
      {
        "insertions": 42,
        "deletions": 30,
        "date": "2020-03-24",
        "commitResults": [
          {
            "hash": "a9f53969c415038360a884f46021ec1d4d8d64ab",
            "messageTitle": "Edit UG/DG (#113)",
            "messageBody": "* Fixed duplicate stall bug, edit UG/DG\r\n\r\n* Edit Ug/dg, fixed duplicate stall name bug\r\n\r\n* Edit UG/DG",
            "insertions": 42,
            "deletions": 30
          }
        ]
      },
      {
        "insertions": 1,
        "deletions": 1,
        "date": "2020-03-25",
        "commitResults": [
          {
            "hash": "867f0284fff370f177983eaf102d959a42880586",
            "messageTitle": "Minor Update to UG (#119)",
            "messageBody": "* Fixed duplicate stall bug, edit UG/DG\r\n\r\n* Edit Ug/dg, fixed duplicate stall name bug\r\n\r\n* Edit UG/DG\r\n\r\n* small edit to UG",
            "insertions": 1,
            "deletions": 1
          }
        ]
      },
      {
        "insertions": 49,
        "deletions": 26,
        "date": "2020-03-29",
        "commitResults": [
          {
            "hash": "ba7f210153d594578f1bbe752e365ce1ef12b321",
            "messageTitle": "Fixed issues (#132)",
            "messageBody": "-Fixed select items out of bounds issue\r\n-Changed invalid context message to be more user friendly\r\n-Throws invalid message when using rate/review with missing arguments",
            "insertions": 49,
            "deletions": 26
          }
        ]
      }
    ],
    "ignatiusong": [
      {
        "insertions": 0,
        "deletions": 1531,
        "date": "2020-03-02",
        "commitResults": [
          {
            "hash": "abb72cf837bccc3c96db507ac4aa739954bdfeee",
            "messageTitle": "Now its updated to actual team repo",
            "messageBody": "",
            "insertions": 0,
            "deletions": 1531
          }
        ]
      },
      {
        "insertions": 1014,
        "deletions": 181,
        "date": "2020-03-06",
        "commitResults": [
          {
            "hash": "d6629c3e3a7396748bcdc43d7f1087f8b3d0ff37",
            "messageTitle": "slightly changed foodmenucommand",
            "messageBody": "",
            "insertions": 484,
            "deletions": 135
          },
          {
            "hash": "09859380854adb3c92357c9de205d513cfe60c7a",
            "messageTitle": "Slightly changed food files",
            "messageBody": "",
            "insertions": 131,
            "deletions": 11
          },
          {
            "hash": "6d6bfb0ed318b8f9aa8b8fe267d56bdc97d1c74d",
            "messageTitle": "changed enterCanteenCommand to be aware of its state i.e cannot enterCanteen then call enterCanteen again",
            "messageBody": "",
            "insertions": 126,
            "deletions": 25
          },
          {
            "hash": "c8b557de2da7d18181dad730179e66db9ac6c8d3",
            "messageTitle": "allows the user to exit from canteen context and stall context add an option to allow commands to only save if necessary",
            "messageBody": "",
            "insertions": 48,
            "deletions": 6
          },
          {
            "hash": "2798d3923f5a74f9cf5d42a8ef5cc56bac0aa65f",
            "messageTitle": "add EnterStallCommand to allow entry to a stall from a canteen interface. at this point the canteen still isn\u0027t loaded properly and neither are the stalls EnterStallCommand also doesnt change the actual display",
            "messageBody": "",
            "insertions": 225,
            "deletions": 4
          }
        ]
      },
      {
        "insertions": 134,
        "deletions": 192,
        "date": "2020-03-12",
        "commitResults": [
          {
            "hash": "5c957e53231b747bac249d40c2815be8f969fdf4",
            "messageTitle": "Merge randomize and canteen-food",
            "messageBody": "",
            "insertions": 134,
            "deletions": 190
          },
          {
            "hash": "a9745ea4ae150b71924a11d825033cc4d6da26bf",
            "messageTitle": "fix trailing whitespace",
            "messageBody": "",
            "insertions": 0,
            "deletions": 2
          }
        ]
      },
      {
        "insertions": 450,
        "deletions": 113,
        "date": "2020-03-19",
        "commitResults": [
          {
            "hash": "f2b466de0b6429c8849a3b23bef5a6ba679388aa",
            "messageTitle": "Fix UserGuide Grammar and Add Placeholder for Filter Function (#49)",
            "messageBody": "* fix UserGuide grammar\r\n\r\n* add placeholder for Filter function",
            "insertions": 446,
            "deletions": 111
          },
          {
            "hash": "bba32ab62587e3860fe5262f0235a1e5baee498a",
            "messageTitle": "Update ug and Add Filter Command Class",
            "messageBody": "* add placeholder for Filter function\r\n\r\n* changed constructor for filterCommand\r\n\r\n* update foodiebot.json",
            "insertions": 4,
            "deletions": 2
          }
        ]
      },
      {
        "insertions": 78,
        "deletions": 52,
        "date": "2020-03-20",
        "commitResults": [
          {
            "hash": "addebdf44908b3d0a8e5d033c4446c142f0c34ac",
            "messageTitle": "Add filter command to filter canteens by tag (#49)",
            "messageBody": "* changed constructor for filterCommand\r\n\r\n* add FilterCommand to enable users to filter canteens based on tags\r\n",
            "insertions": 78,
            "deletions": 52
          }
        ]
      },
      {
        "insertions": 44,
        "deletions": 12,
        "date": "2020-03-21",
        "commitResults": [
          {
            "hash": "de8636e50a4984ffa98ae6ff66e29344cc1b9efa",
            "messageTitle": "Update UI for Enter Canteen and Enter Stall (#106)",
            "messageBody": "* Developer guide Leslie\r\n\r\n* Updated classes in original class diagrams\r\n\r\n* Updated names in class diagrams fix\r\n\r\n* fix UserGuide grammar somewhat\r\n\r\n* add placeholder for Filter function\r\n\r\n* remove unneccessary constructor in FIlterCommand\r\n\r\n* fix trailing whitespace\r\n\r\n* actually fixed hopefully trailing whitespace\r\n\r\n* changed constructor for filterCommand\r\n\r\n* update foodiebot.json\r\n\r\n* add FilterCommand to enable users to filter canteens based on tags\r\n\r\n* Gui update using JavaFX\r\n\r\n* fixed some bugs and wrote test for parseFilterTags\r\n\r\n* update EnterCanteen and EnterStall UI to display canteen and stall entered\r\n\r\nCo-authored-by: leslieharland \u003cleslieharland@outlook.com\u003e",
            "insertions": 44,
            "deletions": 12
          }
        ]
      },
      {
        "insertions": 94,
        "deletions": 16,
        "date": "2020-03-25",
        "commitResults": [
          {
            "hash": "712a993dc565aa4575be4d004e827ba0c8076ad6",
            "messageTitle": "Fixed bugs with enter stall and enter canteen when using invalid index (#116)",
            "messageBody": "* Developer guide Leslie\r\n\r\n* Updated classes in original class diagrams\r\n\r\n* Updated names in class diagrams fix\r\n\r\n* fix UserGuide grammar somewhat\r\n\r\n* add placeholder for Filter function\r\n\r\n* remove unneccessary constructor in FIlterCommand\r\n\r\n* fix trailing whitespace\r\n\r\n* actually fixed hopefully trailing whitespace\r\n\r\n* changed constructor for filterCommand\r\n\r\n* update foodiebot.json\r\n\r\n* add FilterCommand to enable users to filter canteens based on tags\r\n\r\n* Gui update using JavaFX\r\n\r\n* fixed some bugs and wrote test for parseFilterTags\r\n\r\n* update EnterCanteen and EnterStall UI to display canteen and stall entered\r\n\r\n* Fix a bug with enter canteen when using an invalid index\r\n\r\n* fix bug with using invalid index when entering stall\r\n\r\n* fix a bug with exit not exiting\r\n\r\nCo-authored-by: leslieharland \u003cleslieharland@outlook.com\u003e",
            "insertions": 94,
            "deletions": 16
          }
        ]
      },
      {
        "insertions": 54,
        "deletions": 36,
        "date": "2020-03-26",
        "commitResults": [
          {
            "hash": "b453b920be0dd873243fb0878b754078ddb8a183",
            "messageTitle": "Update user guide and developer guide (#120)",
            "messageBody": "* Developer guide Leslie\r\n\r\n* Updated classes in original class diagrams\r\n\r\n* Updated names in class diagrams fix\r\n\r\n* fix UserGuide grammar somewhat\r\n\r\n* add placeholder for Filter function\r\n\r\n* remove unneccessary constructor in FIlterCommand\r\n\r\n* fix trailing whitespace\r\n\r\n* actually fixed hopefully trailing whitespace\r\n\r\n* changed constructor for filterCommand\r\n\r\n* update foodiebot.json\r\n\r\n* add FilterCommand to enable users to filter canteens based on tags\r\n\r\n* Gui update using JavaFX\r\n\r\n* fixed some bugs and wrote test for parseFilterTags\r\n\r\n* update EnterCanteen and EnterStall UI to display canteen and stall entered\r\n\r\n* Fix a bug with enter canteen when using an invalid index\r\n\r\n* fix bug with using invalid index when entering stall\r\n\r\n* fix a bug with exit not exiting\r\n\r\n* Update user guide mainly and a bit of developer guide\r\n\r\nCo-authored-by: leslieharland \u003cleslieharland@outlook.com\u003e",
            "insertions": 54,
            "deletions": 36
          }
        ]
      },
      {
        "insertions": 55,
        "deletions": 5,
        "date": "2020-03-28",
        "commitResults": [
          {
            "hash": "32038608532aa155e97eb3565290614f3aa597a3",
            "messageTitle": "Changed UI for stalls and Update Filter Food Command to filter by tag and price (#129)",
            "messageBody": "* Developer guide Leslie\n\n* Updated classes in original class diagrams\n\n* Updated names in class diagrams fix\n\n* fix UserGuide grammar somewhat\n\n* add placeholder for Filter function\n\n* remove unneccessary constructor in FIlterCommand\n\n* fix trailing whitespace\n\n* actually fixed hopefully trailing whitespace\n\n* changed constructor for filterCommand\n\n* update foodiebot.json\n\n* add FilterCommand to enable users to filter canteens based on tags\n\n* Gui update using JavaFX\n\n* fixed some bugs and wrote test for parseFilterTags\n\n* update EnterCanteen and EnterStall UI to display canteen and stall entered\n\n* Fix a bug with enter canteen when using an invalid index\n\n* fix bug with using invalid index when entering stall\n\n* fix a bug with exit not exiting\n\n* Update user guide mainly and a bit of developer guide\n\n* add tags for stall\n*for some reason randomize will throw ClassCastException with updated stallCard\n\n* fixed a problem with the tags not placed in the correct position\n\n* update filtercommand to allow filter food by tag and price\n\nCo-authored-by: leslieharland \u003cleslieharland@outlook.com\u003e\n",
            "insertions": 55,
            "deletions": 5
          }
        ]
      },
      {
        "insertions": 62,
        "deletions": 8,
        "date": "2020-03-31",
        "commitResults": [
          {
            "hash": "a795692ede7496c557d9251fcd23fc22317e304a",
            "messageTitle": "Add uml diagram for enterCommand  (#136)",
            "messageBody": "* Developer guide Leslie\r\n\r\n* Updated classes in original class diagrams\r\n\r\n* Updated names in class diagrams fix\r\n\r\n* fix UserGuide grammar somewhat\r\n\r\n* add placeholder for Filter function\r\n\r\n* remove unneccessary constructor in FIlterCommand\r\n\r\n* fix trailing whitespace\r\n\r\n* actually fixed hopefully trailing whitespace\r\n\r\n* changed constructor for filterCommand\r\n\r\n* update foodiebot.json\r\n\r\n* add FilterCommand to enable users to filter canteens based on tags\r\n\r\n* Gui update using JavaFX\r\n\r\n* fixed some bugs and wrote test for parseFilterTags\r\n\r\n* update EnterCanteen and EnterStall UI to display canteen and stall entered\r\n\r\n* Fix a bug with enter canteen when using an invalid index\r\n\r\n* fix bug with using invalid index when entering stall\r\n\r\n* fix a bug with exit not exiting\r\n\r\n* Update user guide mainly and a bit of developer guide\r\n\r\n* add tags for stall\r\n*for some reason randomize will throw ClassCastException with updated stallCard\r\n\r\n* fixed a problem with the tags not placed in the correct position\r\n\r\n* update filtercommand to allow filter food by tag and price\r\n\r\n* stash json files\r\n\r\n* add Activity Diagram for EnterCommand and relocated pictures of Randomize\r\n\r\nCo-authored-by: leslieharland \u003cleslieharland@outlook.com\u003e",
            "insertions": 62,
            "deletions": 8
          }
        ]
      }
    ]
  },
  "authorFinalContributionMap": {
    "leslieharland": 10722,
    "lsjxavier": 3107,
    "Samanthaseahpl": 2813,
    "shaungoh97": 1009,
    "ignatiusong": 1726
  },
  "authorFileTypeContributionMap": {
    "leslieharland": {
      "gitignore": 1,
      "yml": 12,
      "adoc": 13,
      "gradle": 12,
      "adoc": 24,
      "adoc": 10,
      "adoc": 110,
      "adoc": 145,
      "adoc": 105,
      "java": 9,
      "java": 24,
      "java": 83,
      "java": 2,
      "java": 2,
      "java": 17,
      "java": 10,
      "java": 9,
      "java": 10,
      "java": 2,
      "java": 3,
      "java": 3,
      "java": 4,
      "java": 4,
      "java": 10,
      "java": 28,
      "java": 21,
      "java": 51,
      "java": 110,
      "java": 18,
      "java": 45,
      "java": 7,
      "java": 4,
      "java": 30,
      "java": 54,
      "java": 19,
      "java": 220,
      "java": 94,
      "java": 23,
      "java": 13,
      "java": 121,
      "java": 49,
      "java": 97,
      "java": 6,
      "java": 30,
      "java": 15,
      "java": 17,
      "java": 33,
      "java": 17,
      "java": 4,
      "java": 12,
      "java": 43,
      "java": 19,
      "java": 13,
      "java": 9,
      "java": 72,
      "java": 45,
      "java": 8,
      "java": 47,
      "java": 9,
      "java": 51,
      "java": 47,
      "java": 36,
      "java": 4,
      "java": 8,
      "java": 61,
      "java": 3,
      "java": 3,
      "java": 22,
      "java": 5,
      "java": 22,
      "java": 3,
      "java": 192,
      "java": 92,
      "java": 291,
      "java": 28,
      "java": 13,
      "java": 27,
      "java": 2,
      "java": 7,
      "java": 29,
      "java": 171,
      "java": 89,
      "java": 5,
      "java": 11,
      "java": 152,
      "java": 126,
      "java": 4,
      "java": 11,
      "java": 26,
      "java": 127,
      "java": 33,
      "java": 138,
      "java": 11,
      "java": 4,
      "java": 6,
      "java": 71,
      "java": 48,
      "java": 104,
      "java": 73,
      "java": 6,
      "java": 140,
      "java": 61,
      "java": 5,
      "java": 62,
      "java": 61,
      "java": 7,
      "java": 24,
      "java": 97,
      "java": 11,
      "java": 345,
      "java": 70,
      "java": 51,
      "java": 82,
      "java": 32,
      "java": 63,
      "java": 4,
      "java": 18,
      "java": 40,
      "java": 14,
      "java": 246,
      "java": 3,
      "java": 69,
      "java": 51,
      "java": 3,
      "java": 10,
      "java": 15,
      "java": 33,
      "fxml": 53,
      "fxml": 3,
      "css": 13,
      "fxml": 30,
      "fxml": 1,
      "fxml": 50,
      "fxml": 3,
      "fxml": 16,
      "fxml": 44,
      "fxml": 1,
      "fxml": 50,
      "json": 9,
      "json": 21,
      "json": 19,
      "json": 1,
      "json": 1,
      "java": 1,
      "java": 78,
      "java": 18,
      "java": 3,
      "java": 25,
      "java": 15,
      "java": 13,
      "java": 2,
      "java": 6,
      "java": 7,
      "java": 6,
      "java": 2,
      "java": 53,
      "java": 38,
      "java": 169,
      "java": 46,
      "java": 119,
      "java": 70,
      "java": 35,
      "java": 37,
      "java": 122,
      "java": 40,
      "java": 44,
      "java": 182,
      "java": 37,
      "java": 28,
      "java": 22,
      "java": 30,
      "java": 19,
      "java": 75,
      "java": 8,
      "java": 48,
      "java": 48,
      "java": 48,
      "java": 10,
      "java": 33,
      "java": 9,
      "java": 34,
      "java": 229,
      "java": 39,
      "java": 36,
      "java": 37,
      "java": 36,
      "java": 118,
      "java": 42,
      "java": 10,
      "java": 135,
      "java": 14,
      "java": 30,
      "java": 25,
      "java": 132,
      "java": 34,
      "java": 3,
      "java": 39,
      "java": 30,
      "java": 2,
      "java": 177,
      "java": 22,
      "java": 27,
      "java": 29,
      "java": 2,
      "java": 58,
      "java": 29,
      "java": 39,
      "java": 116,
      "java": 19,
      "java": 10,
      "java": 56,
      "java": 27,
      "java": 16,
      "java": 12,
      "java": 37,
      "java": 130,
      "java": 44,
      "java": 56,
      "java": 33,
      "java": 4,
      "java": 114,
      "java": 44,
      "java": 10,
      "java": 58,
      "java": 5,
      "java": 45,
      "java": 48,
      "java": 73,
      "java": 51,
      "java": 77,
      "java": 65,
      "java": 69,
      "java": 56,
      "java": 53,
      "java": 59,
      "java": 46,
      "java": 80,
      "java": 58,
      "java": 32,
      "java": 5,
      "java": 15,
      "java": 22,
      "fxml": 1,
      "fxml": 1
    },
    "lsjxavier": {
      "gitignore": 2,
      "adoc": 13,
      "java": 10,
      "java": 10,
      "java": 6,
      "java": 103,
      "java": 312,
      "java": 14,
      "java": 9,
      "java": 7,
      "java": 25,
      "java": 99,
      "java": 6,
      "java": 3,
      "java": 72,
      "java": 45,
      "java": 72,
      "java": 31,
      "java": 52,
      "java": 51,
      "java": 64,
      "java": 3,
      "java": 14,
      "java": 4,
      "java": 4,
      "java": 1,
      "java": 39,
      "java": 64,
      "java": 34,
      "java": 58,
      "java": 40,
      "java": 18,
      "java": 88,
      "java": 8,
      "java": 10,
      "java": 234,
      "java": 2,
      "java": 44,
      "java": 40,
      "java": 93,
      "java": 113,
      "java": 127,
      "java": 8,
      "java": 67,
      "java": 124,
      "java": 53,
      "java": 54,
      "java": 16,
      "java": 30,
      "java": 58,
      "java": 33,
      "java": 78,
      "java": 47,
      "fxml": 27,
      "fxml": 51,
      "java": 101,
      "java": 143,
      "java": 39,
      "java": 2,
      "java": 33,
      "java": 25,
      "java": 1,
      "java": 29,
      "java": 44
    },
    "Samanthaseahpl": {
      "gradle": 3,
      "adoc": 467,
      "adoc": 153,
      "html": 1427,
      "puml": 26,
      "puml": 93,
      "java": 2,
      "java": 5,
      "java": 9,
      "java": 2,
      "java": 56,
      "java": 2,
      "java": 1,
      "java": 77,
      "java": 9,
      "java": 11,
      "java": 34,
      "java": 3,
      "java": 2,
      "java": 321,
      "java": 21,
      "java": 9,
      "java": 5,
      "java": 47,
      "java": 1,
      "java": 17,
      "java": 2,
      "java": 8
    },
    "shaungoh97": {
      "html": 22,
      "html": 11,
      "adoc": 12,
      "adoc": 3,
      "java": 4,
      "java": 6,
      "java": 12,
      "java": 1,
      "java": 7,
      "java": 2,
      "java": 1,
      "java": 88,
      "java": 3,
      "java": 6,
      "java": 3,
      "java": 7,
      "java": 14,
      "java": 17,
      "java": 7,
      "java": 6,
      "java": 45,
      "java": 15,
      "java": 12,
      "java": 54,
      "java": 5,
      "java": 19,
      "java": 32,
      "java": 5,
      "java": 164,
      "java": 2,
      "java": 93,
      "java": 19,
      "java": 33,
      "java": 56,
      "java": 1,
      "java": 10,
      "java": 71,
      "java": 47,
      "fxml": 48,
      "java": 5,
      "java": 11,
      "java": 4,
      "java": 16,
      "java": 9,
      "java": 1
    },
    "ignatiusong": {
      "gitignore": 4,
      "json": 39,
      "adoc": 2,
      "adoc": 180,
      "adoc": 2,
      "adoc": 45,
      "puml": 4,
      "puml": 13,
      "puml": 3,
      "puml": 43,
      "puml": 22,
      "puml": 75,
      "puml": 15,
      "puml": 3,
      "puml": 30,
      "puml": 7,
      "puml": 8,
      "xml": 20,
      "fxml": 9,
      "css": 352,
      "css": 20,
      "fxml": 39,
      "fxml": 60,
      "fxml": 9,
      "fxml": 12,
      "fxml": 1,
      "fxml": 4,
      "fxml": 6,
      "java": 2,
      "java": 5,
      "java": 17,
      "java": 73,
      "java": 27,
      "java": 77,
      "java": 4,
      "java": 5,
      "java": 40,
      "java": 40,
      "java": 8,
      "java": 49,
      "java": 46,
      "java": 19,
      "java": 7,
      "java": 17,
      "java": 2,
      "java": 18,
      "java": 9,
      "java": 125,
      "java": 3,
      "java": 1,
      "java": 18,
      "java": 11,
      "xml": 16,
      "fxml": 11,
      "fxml": 9,
      "json": 2,
      "json": 1,
      "json": 1,
      "json": 1,
      "java": 9,
      "java": 3,
      "java": 12,
      "java": 7,
      "java": 2,
      "java": 2
    }
  },
  "authorContributionVariance": {
    "leslieharland": 3497729.2,
    "lsjxavier": 67666.055,
    "Samanthaseahpl": 136580.86,
    "shaungoh97": 80011.32,
    "ignatiusong": 115958.805
  },
  "authorDisplayNameMap": {
    "leslieharland": "Leslie Harland",
    "lsjxavier": "Xavier Lee",
    "Samanthaseahpl": "Samantha Seah",
    "shaungoh97": "Shaun Goh",
    "ignatiusong": "Ignatius Ong"
  }
}
