{
  "authorDailyContributionsMap": {
    "leslieharland": [
      {
        "insertions": 2,
        "deletions": 2,
        "date": "2020-02-08",
        "commitResults": [
          {
            "hash": "5b57f5f323bc0d874118cb4fcc5f1e3d73f9f7b8",
            "messageTitle": "Update Badge in README.adoc",
            "messageBody": "",
            "insertions": 2,
            "deletions": 2
          }
        ]
      },
      {
        "insertions": 1,
        "deletions": 1,
        "date": "2020-02-09",
        "commitResults": [
          {
            "hash": "577069a1b37fdfd20873f97081a48dc4d9ace0ae",
            "messageTitle": "Update README.adoc",
            "messageBody": "",
            "insertions": 0,
            "deletions": 1
          },
          {
            "hash": "0e1164590c0c94a67d9cd33716182768be364c01",
            "messageTitle": "Update README.adoc",
            "messageBody": "",
            "insertions": 1,
            "deletions": 0
          }
        ]
      },
      {
        "insertions": 61,
        "deletions": 40,
        "date": "2020-02-22",
        "commitResults": [
          {
            "hash": "d44b5cd16b3be8dfcf459100f6fe9820200a3a93",
            "messageTitle": "Update documentation",
            "messageBody": "",
            "insertions": 27,
            "deletions": 7
          },
          {
            "hash": "4cf9e004bcfe4e37b10c4bd6e332f089cc37d5b2",
            "messageTitle": "Update README.adoc",
            "messageBody": "",
            "insertions": 16,
            "deletions": 4
          },
          {
            "hash": "0b0a9b06e660cf3b4ba53eee86266230a4b5e7ce",
            "messageTitle": "Update UserGuide on Location",
            "messageBody": "",
            "insertions": 14,
            "deletions": 25
          },
          {
            "hash": "ebdf6d8fd9e42c3f5d764dd7747bd4e05fc989db",
            "messageTitle": "Update UserGuide.adoc",
            "messageBody": "",
            "insertions": 4,
            "deletions": 4
          }
        ]
      },
      {
        "insertions": 26,
        "deletions": 47,
        "date": "2020-02-23",
        "commitResults": [
          {
            "hash": "37fb9c4788d8e15e5a130d27e6b37ec1f5e49267",
            "messageTitle": "Updated AboutUs page (#52)",
            "messageBody": "",
            "insertions": 26,
            "deletions": 47
          }
        ]
      },
      {
        "insertions": 142,
        "deletions": 302,
        "date": "2020-02-26",
        "commitResults": [
          {
            "hash": "20b3673a9f90c1713540fedcec3480b1d1c5b6f0",
            "messageTitle": "Update Developer guide (#53)",
            "messageBody": "",
            "insertions": 142,
            "deletions": 302
          }
        ]
      },
      {
        "insertions": 5053,
        "deletions": 5601,
        "date": "2020-02-29",
        "commitResults": [
          {
            "hash": "66831c8fc3698e878b1683758217f97b10786ead",
            "messageTitle": "Rename old references (#56)",
            "messageBody": "",
            "insertions": 5053,
            "deletions": 5601
          }
        ]
      },
      {
        "insertions": 1141,
        "deletions": 234,
        "date": "2020-03-01",
        "commitResults": [
          {
            "hash": "3667b9aba4a5478f92088eede1b3344de03c8089",
            "messageTitle": "App commands (#57)",
            "messageBody": "* Rename old references (#56)\r\n\r\n* Screen navigability for valid commands\r\n",
            "insertions": 667,
            "deletions": 83
          },
          {
            "hash": "4c6967954879bda3b52f1baac5ca155346f2c28d",
            "messageTitle": "show user directions (#59)",
            "messageBody": "",
            "insertions": 474,
            "deletions": 151
          }
        ]
      },
      {
        "insertions": 1598,
        "deletions": 223,
        "date": "2020-03-02",
        "commitResults": [
          {
            "hash": "825bd77fd570985af359279360f4ab32a1054d1c",
            "messageTitle": "show stalls",
            "messageBody": "",
            "insertions": 322,
            "deletions": 16
          },
          {
            "hash": "eb71f5db8feb2b23a216a97296574ec21a1c82fb",
            "messageTitle": "implement storage for stall",
            "messageBody": "",
            "insertions": 1276,
            "deletions": 207
          }
        ]
      }
    ],
    "lsjxavier": [],
    "Samanthaseahpl": [
      {
        "insertions": 4,
        "deletions": 4,
        "date": "2020-02-22",
        "commitResults": [
          {
            "hash": "798479936490e709de6fa2fd02e52a3d084f67f5",
            "messageTitle": "branch-UpdateUserGuide",
            "messageBody": "",
            "insertions": 4,
            "deletions": 4
          }
        ]
      },
      {
        "insertions": 211,
        "deletions": 134,
        "date": "2020-02-23",
        "commitResults": [
          {
            "hash": "b8a51b75807d921670480f38fda1b1b16ed3e5fe",
            "messageTitle": "branch-UpdateUserGuide_0.4",
            "messageBody": "",
            "insertions": 120,
            "deletions": 48
          },
          {
            "hash": "c6ecc4e619a42f12246108012e216b78251bf110",
            "messageTitle": "UpdateUserGuide_0.6",
            "messageBody": "",
            "insertions": 54,
            "deletions": 52
          },
          {
            "hash": "f5cefa68d8174ff99092853bdf04f84678aff38a",
            "messageTitle": "UpdateUserGuide_0.6",
            "messageBody": "",
            "insertions": 37,
            "deletions": 34
          }
        ]
      },
      {
        "insertions": 163,
        "deletions": 149,
        "date": "2020-03-02",
        "commitResults": [
          {
            "hash": "317c932d63c7f455f971c3fd56464f66da3d76cc",
            "messageTitle": "UpdateUserGuide_0.7",
            "messageBody": "",
            "insertions": 111,
            "deletions": 91
          },
          {
            "hash": "342a3c9e9e53eb10ef63db707fa2760b69583173",
            "messageTitle": "UpdateUserGuide_0.8",
            "messageBody": "",
            "insertions": 36,
            "deletions": 40
          },
          {
            "hash": "dd0f6e588639f065ceb2b7afc949b5eaa6cb65a3",
            "messageTitle": "UpdateUserGuide_0.9",
            "messageBody": "",
            "insertions": 16,
            "deletions": 18
          }
        ]
      }
    ],
    "SHAUNGOH97": [
      {
        "insertions": 17,
        "deletions": 9,
        "date": "2020-02-22",
        "commitResults": [
          {
            "hash": "1346c18c2e6c4a39589ab8d3b5899f557dd61458",
            "messageTitle": "Update UserGuide.adoc",
            "messageBody": "",
            "insertions": 17,
            "deletions": 9
          }
        ]
      }
    ],
    "ignatiusong": []
  },
  "authorFinalContributionMap": {
    "leslieharland": 7501,
    "lsjxavier": 0,
    "Samanthaseahpl": 129,
    "SHAUNGOH97": 0,
    "ignatiusong": 0
  },
  "authorFileTypeContributionMap": {
    "leslieharland": {
      "adoc": 10,
      "gradle": 4,
      "adoc": 24,
      "adoc": 10,
      "adoc": 140,
      "java": 9,
      "java": 24,
      "java": 66,
      "java": 2,
      "java": 2,
      "java": 17,
      "java": 10,
      "java": 9,
      "java": 10,
      "java": 2,
      "java": 3,
      "java": 3,
      "java": 4,
      "java": 4,
      "java": 10,
      "java": 28,
      "java": 21,
      "java": 46,
      "java": 102,
      "java": 65,
      "java": 34,
      "java": 7,
      "java": 4,
      "java": 13,
      "java": 54,
      "java": 19,
      "java": 220,
      "java": 69,
      "java": 6,
      "java": 23,
      "java": 49,
      "java": 29,
      "java": 86,
      "java": 6,
      "java": 7,
      "java": 22,
      "java": 22,
      "java": 22,
      "java": 22,
      "java": 4,
      "java": 52,
      "java": 12,
      "java": 43,
      "java": 28,
      "java": 14,
      "java": 9,
      "java": 72,
      "java": 43,
      "java": 5,
      "java": 9,
      "java": 28,
      "java": 56,
      "java": 51,
      "java": 4,
      "java": 58,
      "java": 3,
      "java": 5,
      "java": 27,
      "java": 5,
      "java": 27,
      "java": 3,
      "java": 157,
      "java": 83,
      "java": 207,
      "java": 16,
      "java": 13,
      "java": 21,
      "java": 7,
      "java": 29,
      "java": 174,
      "java": 89,
      "java": 5,
      "java": 11,
      "java": 144,
      "java": 126,
      "java": 4,
      "java": 11,
      "java": 128,
      "java": 33,
      "java": 138,
      "java": 11,
      "java": 4,
      "java": 6,
      "java": 71,
      "java": 46,
      "java": 105,
      "java": 81,
      "java": 6,
      "java": 107,
      "java": 62,
      "java": 61,
      "java": 7,
      "java": 27,
      "java": 97,
      "java": 11,
      "java": 66,
      "java": 43,
      "java": 14,
      "java": 63,
      "java": 17,
      "java": 87,
      "java": 3,
      "java": 69,
      "java": 47,
      "java": 3,
      "java": 10,
      "java": 14,
      "java": 14,
      "fxml": 19,
      "fxml": 17,
      "fxml": 2,
      "fxml": 1,
      "fxml": 50,
      "json": 9,
      "json": 21,
      "json": 19,
      "json": 1,
      "json": 1,
      "java": 1,
      "java": 3,
      "java": 15,
      "java": 2,
      "java": 6,
      "java": 7,
      "java": 6,
      "java": 2,
      "java": 53,
      "java": 38,
      "java": 170,
      "java": 46,
      "java": 64,
      "java": 35,
      "java": 21,
      "java": 123,
      "java": 39,
      "java": 44,
      "java": 182,
      "java": 22,
      "java": 19,
      "java": 8,
      "java": 39,
      "java": 104,
      "java": 10,
      "java": 9,
      "java": 34,
      "java": 229,
      "java": 36,
      "java": 118,
      "java": 135,
      "java": 118,
      "java": 33,
      "java": 3,
      "java": 30,
      "java": 2,
      "java": 177,
      "java": 2,
      "java": 58,
      "java": 44,
      "java": 116,
      "java": 56,
      "java": 16,
      "java": 12,
      "java": 37,
      "java": 131,
      "java": 53,
      "java": 56,
      "java": 33,
      "java": 4,
      "java": 117,
      "java": 53,
      "java": 10,
      "java": 58,
      "java": 2,
      "java": 46,
      "java": 5,
      "java": 22,
      "fxml": 1,
      "fxml": 1
    },
    "lsjxavier": {},
    "Samanthaseahpl": {
      "adoc": 129
    },
    "SHAUNGOH97": {},
    "ignatiusong": {}
  },
  "authorContributionVariance": {
    "leslieharland": 3731461.2,
    "lsjxavier": 0.0,
    "Samanthaseahpl": 6723.072,
    "SHAUNGOH97": 21.782219,
    "ignatiusong": 0.0
  },
  "authorDisplayNameMap": {
    "leslieharland": "Leslie Harland",
    "lsjxavier": "Xavier Lee",
    "Samanthaseahpl": "Samantha Seah",
    "SHAUNGOH97": "Shaun Goh",
    "ignatiusong": "Ignatius Ong"
  }
}
