{
  "authorDailyContributionsMap": {
    "leslieharland": [
      {
        "insertions": 61,
        "deletions": 40,
        "date": "2020-02-22",
        "commitResults": [
          {
            "hash": "d44b5cd16b3be8dfcf459100f6fe9820200a3a93",
            "messageTitle": "Update documentation",
            "messageBody": "",
            "insertions": 27,
            "deletions": 7
          },
          {
            "hash": "4cf9e004bcfe4e37b10c4bd6e332f089cc37d5b2",
            "messageTitle": "Update README.adoc",
            "messageBody": "",
            "insertions": 16,
            "deletions": 4
          },
          {
            "hash": "0b0a9b06e660cf3b4ba53eee86266230a4b5e7ce",
            "messageTitle": "Update UserGuide on Location",
            "messageBody": "",
            "insertions": 14,
            "deletions": 25
          },
          {
            "hash": "ebdf6d8fd9e42c3f5d764dd7747bd4e05fc989db",
            "messageTitle": "Update UserGuide.adoc",
            "messageBody": "",
            "insertions": 4,
            "deletions": 4
          }
        ]
      },
      {
        "insertions": 26,
        "deletions": 47,
        "date": "2020-02-23",
        "commitResults": [
          {
            "hash": "37fb9c4788d8e15e5a130d27e6b37ec1f5e49267",
            "messageTitle": "Updated AboutUs page (#52)",
            "messageBody": "",
            "insertions": 26,
            "deletions": 47
          }
        ]
      },
      {
        "insertions": 142,
        "deletions": 302,
        "date": "2020-02-26",
        "commitResults": [
          {
            "hash": "20b3673a9f90c1713540fedcec3480b1d1c5b6f0",
            "messageTitle": "Update Developer guide (#53)",
            "messageBody": "",
            "insertions": 142,
            "deletions": 302
          }
        ]
      },
      {
        "insertions": 5053,
        "deletions": 5601,
        "date": "2020-02-29",
        "commitResults": [
          {
            "hash": "66831c8fc3698e878b1683758217f97b10786ead",
            "messageTitle": "Rename old references (#56)",
            "messageBody": "",
            "insertions": 5053,
            "deletions": 5601
          }
        ]
      },
      {
        "insertions": 1141,
        "deletions": 234,
        "date": "2020-03-01",
        "commitResults": [
          {
            "hash": "3667b9aba4a5478f92088eede1b3344de03c8089",
            "messageTitle": "App commands (#57)",
            "messageBody": "* Rename old references (#56)\r\n\r\n* Screen navigability for valid commands\r\n",
            "insertions": 667,
            "deletions": 83
          },
          {
            "hash": "4c6967954879bda3b52f1baac5ca155346f2c28d",
            "messageTitle": "show user directions (#59)",
            "messageBody": "",
            "insertions": 474,
            "deletions": 151
          }
        ]
      },
      {
        "insertions": 1598,
        "deletions": 223,
        "date": "2020-03-02",
        "commitResults": [
          {
            "hash": "825bd77fd570985af359279360f4ab32a1054d1c",
            "messageTitle": "show stalls",
            "messageBody": "",
            "insertions": 322,
            "deletions": 16
          },
          {
            "hash": "eb71f5db8feb2b23a216a97296574ec21a1c82fb",
            "messageTitle": "implement storage for stall",
            "messageBody": "",
            "insertions": 1276,
            "deletions": 207
          }
        ]
      },
      {
        "insertions": 203,
        "deletions": 46,
        "date": "2020-03-11",
        "commitResults": [
          {
            "hash": "c0ebaa77975efb72307ddc6826d2a6cabb40f30b",
            "messageTitle": "List the nearest canteen from block",
            "messageBody": "",
            "insertions": 144,
            "deletions": 38
          },
          {
            "hash": "e0b4ed6208516b18f28c2d2dfd0d12dd90dd2762",
            "messageTitle": "Enters the correct canteen when specified index",
            "messageBody": "",
            "insertions": 59,
            "deletions": 8
          }
        ]
      },
      {
        "insertions": 663,
        "deletions": 261,
        "date": "2020-03-15",
        "commitResults": [
          {
            "hash": "863490018ba542badf0beaae191c443d695e5fca",
            "messageTitle": "Tests to reach support level",
            "messageBody": "",
            "insertions": 663,
            "deletions": 261
          }
        ]
      },
      {
        "insertions": 388,
        "deletions": 74,
        "date": "2020-03-16",
        "commitResults": [
          {
            "hash": "ea86e0e9974206dc549241c00dc54c0c44b32e2e",
            "messageTitle": "Able to set and view favorites",
            "messageBody": "",
            "insertions": 388,
            "deletions": 74
          }
        ]
      }
    ],
    "lsjxavier": [
      {
        "insertions": 407,
        "deletions": 14,
        "date": "2020-03-04",
        "commitResults": [
          {
            "hash": "a617d3295d470d36c648f4246ff6b1fa2a4c689c",
            "messageTitle": "Implement budget set and view commands",
            "messageBody": "",
            "insertions": 406,
            "deletions": 11
          },
          {
            "hash": "1a522d77ccb20c86924d3c42f1ebf3d84c486491",
            "messageTitle": "Fix checkstyle Test error.",
            "messageBody": "",
            "insertions": 1,
            "deletions": 3
          }
        ]
      },
      {
        "insertions": 1140,
        "deletions": 139,
        "date": "2020-03-11",
        "commitResults": [
          {
            "hash": "09713a518825f6f6db4f6d6714389c9716cc790d",
            "messageTitle": "Branch foodiebot report/transaction foundation (#70)",
            "messageBody": "Add date and date range support, improved ArgumentMultimap",
            "insertions": 1140,
            "deletions": 139
          }
        ]
      },
      {
        "insertions": 37,
        "deletions": 16,
        "date": "2020-03-13",
        "commitResults": [
          {
            "hash": "2c127b6ef0155ed8a79d0819ea7555854754311a",
            "messageTitle": "Improve Budget message, bypass file save for Report and Transactions (#80)",
            "messageBody": "* Improve Budget message, bypass file save for Report and Transactions",
            "insertions": 37,
            "deletions": 16
          }
        ]
      },
      {
        "insertions": 11,
        "deletions": 1,
        "date": "2020-03-16",
        "commitResults": [
          {
            "hash": "c165c755b9db2d6ee33eb92b3702f4765e23b8ba",
            "messageTitle": "Improved modifying of remaining budget",
            "messageBody": "",
            "insertions": 11,
            "deletions": 1
          }
        ]
      }
    ],
    "Samanthaseahpl": [
      {
        "insertions": 4,
        "deletions": 4,
        "date": "2020-02-22",
        "commitResults": [
          {
            "hash": "798479936490e709de6fa2fd02e52a3d084f67f5",
            "messageTitle": "branch-UpdateUserGuide",
            "messageBody": "",
            "insertions": 4,
            "deletions": 4
          }
        ]
      },
      {
        "insertions": 211,
        "deletions": 134,
        "date": "2020-02-23",
        "commitResults": [
          {
            "hash": "b8a51b75807d921670480f38fda1b1b16ed3e5fe",
            "messageTitle": "branch-UpdateUserGuide_0.4",
            "messageBody": "",
            "insertions": 120,
            "deletions": 48
          },
          {
            "hash": "c6ecc4e619a42f12246108012e216b78251bf110",
            "messageTitle": "UpdateUserGuide_0.6",
            "messageBody": "",
            "insertions": 54,
            "deletions": 52
          },
          {
            "hash": "f5cefa68d8174ff99092853bdf04f84678aff38a",
            "messageTitle": "UpdateUserGuide_0.6",
            "messageBody": "",
            "insertions": 37,
            "deletions": 34
          }
        ]
      },
      {
        "insertions": 163,
        "deletions": 149,
        "date": "2020-03-02",
        "commitResults": [
          {
            "hash": "317c932d63c7f455f971c3fd56464f66da3d76cc",
            "messageTitle": "UpdateUserGuide_0.7",
            "messageBody": "",
            "insertions": 111,
            "deletions": 91
          },
          {
            "hash": "342a3c9e9e53eb10ef63db707fa2760b69583173",
            "messageTitle": "UpdateUserGuide_0.8",
            "messageBody": "",
            "insertions": 36,
            "deletions": 40
          },
          {
            "hash": "dd0f6e588639f065ceb2b7afc949b5eaa6cb65a3",
            "messageTitle": "UpdateUserGuide_0.9",
            "messageBody": "",
            "insertions": 16,
            "deletions": 18
          }
        ]
      },
      {
        "insertions": 1123,
        "deletions": 72,
        "date": "2020-03-05",
        "commitResults": [
          {
            "hash": "4a96f0f84a8abf5d8fb49935a5d282aabc4ca9b9",
            "messageTitle": "Documentation v1.1",
            "messageBody": "",
            "insertions": 1123,
            "deletions": 72
          }
        ]
      },
      {
        "insertions": 147,
        "deletions": 25,
        "date": "2020-03-07",
        "commitResults": [
          {
            "hash": "832ae969b322dd7ef866fab2a5248aeb9e358bf1",
            "messageTitle": "branch-randomize get 1 canteen name only.",
            "messageBody": "",
            "insertions": 147,
            "deletions": 25
          }
        ]
      },
      {
        "insertions": 85,
        "deletions": 22,
        "date": "2020-03-15",
        "commitResults": [
          {
            "hash": "cb6060e2f0e536afbc152eb38afdfde8c8b7ea01",
            "messageTitle": "randomise generate a list of options",
            "messageBody": "",
            "insertions": 85,
            "deletions": 22
          }
        ]
      },
      {
        "insertions": 529,
        "deletions": 320,
        "date": "2020-03-16",
        "commitResults": [
          {
            "hash": "fb35969cf6cdc7c84ae17208169bf01747a94897",
            "messageTitle": "Documentation - v1.2 (#90)",
            "messageBody": "* branch-documentation\r\n\r\n* branch-documentation\r\n\r\n* Documentation for v1.2\r\n\r\n* fixup! Documentation for v1.2\r\n\r\nCo-authored-by: Xavier Lee \u003c43834485+lsjxavier@users.noreply.github.com\u003e",
            "insertions": 529,
            "deletions": 320
          }
        ]
      }
    ],
    "shaungoh97": [
      {
        "insertions": 17,
        "deletions": 9,
        "date": "2020-02-22",
        "commitResults": [
          {
            "hash": "1346c18c2e6c4a39589ab8d3b5899f557dd61458",
            "messageTitle": "Update UserGuide.adoc",
            "messageBody": "",
            "insertions": 17,
            "deletions": 9
          }
        ]
      },
      {
        "insertions": 48,
        "deletions": 4,
        "date": "2020-03-07",
        "commitResults": [
          {
            "hash": "ac0a82a2f4428f3418a778b1d30f7d988f86fb84",
            "messageTitle": "added canteen stalls",
            "messageBody": "",
            "insertions": 39,
            "deletions": 3
          },
          {
            "hash": "ccb7d969023840782b9d66ab613ef080a628e883",
            "messageTitle": "Able to exit from stall interface to canteen interface",
            "messageBody": "",
            "insertions": 9,
            "deletions": 1
          }
        ]
      },
      {
        "insertions": 65,
        "deletions": 45,
        "date": "2020-03-09",
        "commitResults": [
          {
            "hash": "a31e1a92e951a59eb4b5658c17e93dac686be779",
            "messageTitle": "refixed exit, list in wrong context",
            "messageBody": "",
            "insertions": 52,
            "deletions": 23
          },
          {
            "hash": "4164098943fe7d8fbe53dc67582119bdc2993345",
            "messageTitle": "Managed to fixed updatedFilteredStalls",
            "messageBody": "",
            "insertions": 9,
            "deletions": 2
          },
          {
            "hash": "79b3ee0d174ef092612df5e935cc83bd07bc2c6c",
            "messageTitle": "Refixed updatefilteredstalls, actually it was correct to use predicate, dont need new method",
            "messageBody": "",
            "insertions": 4,
            "deletions": 20
          }
        ]
      },
      {
        "insertions": 610,
        "deletions": 81,
        "date": "2020-03-10",
        "commitResults": [
          {
            "hash": "a8b114c26b60be3f6be0da20ca593d6eedc4617d",
            "messageTitle": "Buggy context, but can access stalls and view food",
            "messageBody": "",
            "insertions": 562,
            "deletions": 31
          },
          {
            "hash": "0bbb1ddcbedc889f104985876b791dc4a476da47",
            "messageTitle": "Fixed entering canteen with text bug",
            "messageBody": "",
            "insertions": 9,
            "deletions": 6
          },
          {
            "hash": "7cf7147567868b4ce608f20bf36f95eb322f1fe0",
            "messageTitle": "Fixed entering stall with text bug",
            "messageBody": "",
            "insertions": 10,
            "deletions": 6
          },
          {
            "hash": "91dc9460a76b05c095a9c7d3491794854c858472",
            "messageTitle": "Fixed checkstyles",
            "messageBody": "",
            "insertions": 23,
            "deletions": 26
          },
          {
            "hash": "13b9ac39b07832df8ac0d775fd6b7952d81cc071",
            "messageTitle": "Fixed more errors",
            "messageBody": "",
            "insertions": 6,
            "deletions": 11
          },
          {
            "hash": "34b9f0a3e1691c612de4b003b60286b386900f69",
            "messageTitle": "Fixed checkstyle",
            "messageBody": "",
            "insertions": 0,
            "deletions": 1
          }
        ]
      },
      {
        "insertions": 2,
        "deletions": 5,
        "date": "2020-03-12",
        "commitResults": [
          {
            "hash": "2f57188a236acf9debd59e126dd91af66f627db0",
            "messageTitle": "Fixed bug",
            "messageBody": "",
            "insertions": 2,
            "deletions": 5
          }
        ]
      },
      {
        "insertions": 8,
        "deletions": 1470,
        "date": "2020-03-14",
        "commitResults": [
          {
            "hash": "a4f30690f711535adfbd49a988166f805acf29e2",
            "messageTitle": "reloaded deck (#81)",
            "messageBody": "",
            "insertions": 8,
            "deletions": 1470
          }
        ]
      },
      {
        "insertions": 178,
        "deletions": 53,
        "date": "2020-03-17",
        "commitResults": [
          {
            "hash": "4b09887495e58d46e772719e83aab5504d8e419f",
            "messageTitle": "Select Food Function",
            "messageBody": "* Implemented SelectItemCommand\r\n\r\n* Small UI updates\r\n\r\n* Update SelectItemCommandParser.java\r\n\r\n* Update SelectItemCommand.java\r\n",
            "insertions": 178,
            "deletions": 53
          }
        ]
      }
    ],
    "ignatiusong": [
      {
        "insertions": 0,
        "deletions": 1,
        "date": "2020-02-17",
        "commitResults": [
          {
            "hash": "42ae2571e60b6f5e5500b950fd5e0fc3be9f21ab",
            "messageTitle": "tidy up ui for references to address",
            "messageBody": "",
            "insertions": 0,
            "deletions": 1
          }
        ]
      },
      {
        "insertions": 1991,
        "deletions": 554,
        "date": "2020-02-22",
        "commitResults": [
          {
            "hash": "ab8c26db62fb50d10f29294cce76feb1cd92712b",
            "messageTitle": "Updated to current status of team repo",
            "messageBody": "",
            "insertions": 1881,
            "deletions": 0
          },
          {
            "hash": "cf2c8dfe9316fefe67d5d07b1ff3424fc2b72ba6",
            "messageTitle": "update workspace.xml",
            "messageBody": "",
            "insertions": 110,
            "deletions": 554
          }
        ]
      },
      {
        "insertions": 0,
        "deletions": 1531,
        "date": "2020-03-02",
        "commitResults": [
          {
            "hash": "abb72cf837bccc3c96db507ac4aa739954bdfeee",
            "messageTitle": "Now its updated to actual team repo",
            "messageBody": "",
            "insertions": 0,
            "deletions": 1531
          }
        ]
      },
      {
        "insertions": 1014,
        "deletions": 181,
        "date": "2020-03-06",
        "commitResults": [
          {
            "hash": "d6629c3e3a7396748bcdc43d7f1087f8b3d0ff37",
            "messageTitle": "slightly changed foodmenucommand",
            "messageBody": "",
            "insertions": 484,
            "deletions": 135
          },
          {
            "hash": "09859380854adb3c92357c9de205d513cfe60c7a",
            "messageTitle": "Slightly changed food files",
            "messageBody": "",
            "insertions": 131,
            "deletions": 11
          },
          {
            "hash": "6d6bfb0ed318b8f9aa8b8fe267d56bdc97d1c74d",
            "messageTitle": "changed enterCanteenCommand to be aware of its state i.e cannot enterCanteen then call enterCanteen again",
            "messageBody": "",
            "insertions": 126,
            "deletions": 25
          },
          {
            "hash": "c8b557de2da7d18181dad730179e66db9ac6c8d3",
            "messageTitle": "allows the user to exit from canteen context and stall context add an option to allow commands to only save if necessary",
            "messageBody": "",
            "insertions": 48,
            "deletions": 6
          },
          {
            "hash": "2798d3923f5a74f9cf5d42a8ef5cc56bac0aa65f",
            "messageTitle": "add EnterStallCommand to allow entry to a stall from a canteen interface. at this point the canteen still isn\u0027t loaded properly and neither are the stalls EnterStallCommand also doesnt change the actual display",
            "messageBody": "",
            "insertions": 225,
            "deletions": 4
          }
        ]
      },
      {
        "insertions": 134,
        "deletions": 192,
        "date": "2020-03-12",
        "commitResults": [
          {
            "hash": "5c957e53231b747bac249d40c2815be8f969fdf4",
            "messageTitle": "Merge randomize and canteen-food",
            "messageBody": "",
            "insertions": 134,
            "deletions": 190
          },
          {
            "hash": "a9745ea4ae150b71924a11d825033cc4d6da26bf",
            "messageTitle": "fix trailing whitespace",
            "messageBody": "",
            "insertions": 0,
            "deletions": 2
          }
        ]
      }
    ]
  },
  "authorFinalContributionMap": {
    "leslieharland": 8212,
    "lsjxavier": 1458,
    "Samanthaseahpl": 1600,
    "shaungoh97": 813,
    "ignatiusong": 1061
  },
  "authorFileTypeContributionMap": {
    "leslieharland": {
      "gitignore": 1,
      "adoc": 8,
      "gradle": 4,
      "adoc": 24,
      "adoc": 10,
      "adoc": 118,
      "java": 9,
      "java": 24,
      "java": 69,
      "java": 2,
      "java": 2,
      "java": 17,
      "java": 7,
      "java": 9,
      "java": 10,
      "java": 2,
      "java": 3,
      "java": 3,
      "java": 4,
      "java": 4,
      "java": 10,
      "java": 28,
      "java": 21,
      "java": 51,
      "java": 113,
      "java": 30,
      "java": 7,
      "java": 4,
      "java": 30,
      "java": 54,
      "java": 19,
      "java": 220,
      "java": 75,
      "java": 6,
      "java": 59,
      "java": 49,
      "java": 20,
      "java": 84,
      "java": 6,
      "java": 30,
      "java": 16,
      "java": 17,
      "java": 16,
      "java": 17,
      "java": 4,
      "java": 12,
      "java": 43,
      "java": 19,
      "java": 13,
      "java": 9,
      "java": 72,
      "java": 43,
      "java": 43,
      "java": 9,
      "java": 27,
      "java": 56,
      "java": 47,
      "java": 36,
      "java": 4,
      "java": 58,
      "java": 3,
      "java": 5,
      "java": 22,
      "java": 3,
      "java": 22,
      "java": 3,
      "java": 188,
      "java": 89,
      "java": 251,
      "java": 27,
      "java": 13,
      "java": 27,
      "java": 2,
      "java": 7,
      "java": 29,
      "java": 172,
      "java": 89,
      "java": 5,
      "java": 11,
      "java": 142,
      "java": 126,
      "java": 4,
      "java": 11,
      "java": 26,
      "java": 128,
      "java": 33,
      "java": 138,
      "java": 11,
      "java": 4,
      "java": 6,
      "java": 77,
      "java": 48,
      "java": 104,
      "java": 80,
      "java": 6,
      "java": 142,
      "java": 61,
      "java": 5,
      "java": 62,
      "java": 61,
      "java": 7,
      "java": 24,
      "java": 97,
      "java": 11,
      "java": 70,
      "java": 47,
      "java": 14,
      "java": 63,
      "java": 17,
      "java": 125,
      "java": 3,
      "java": 69,
      "java": 47,
      "java": 3,
      "java": 10,
      "java": 14,
      "java": 14,
      "fxml": 53,
      "fxml": 17,
      "fxml": 1,
      "fxml": 3,
      "fxml": 1,
      "fxml": 53,
      "json": 9,
      "json": 21,
      "json": 19,
      "json": 1,
      "json": 1,
      "java": 1,
      "java": 3,
      "java": 15,
      "java": 2,
      "java": 6,
      "java": 7,
      "java": 6,
      "java": 2,
      "java": 53,
      "java": 38,
      "java": 169,
      "java": 46,
      "java": 106,
      "java": 71,
      "java": 35,
      "java": 37,
      "java": 122,
      "java": 40,
      "java": 44,
      "java": 182,
      "java": 37,
      "java": 29,
      "java": 22,
      "java": 30,
      "java": 19,
      "java": 75,
      "java": 8,
      "java": 48,
      "java": 48,
      "java": 48,
      "java": 10,
      "java": 33,
      "java": 9,
      "java": 34,
      "java": 229,
      "java": 36,
      "java": 118,
      "java": 10,
      "java": 28,
      "java": 14,
      "java": 25,
      "java": 127,
      "java": 31,
      "java": 3,
      "java": 39,
      "java": 30,
      "java": 2,
      "java": 177,
      "java": 22,
      "java": 2,
      "java": 58,
      "java": 29,
      "java": 44,
      "java": 116,
      "java": 10,
      "java": 56,
      "java": 14,
      "java": 16,
      "java": 11,
      "java": 37,
      "java": 130,
      "java": 44,
      "java": 56,
      "java": 33,
      "java": 4,
      "java": 116,
      "java": 44,
      "java": 10,
      "java": 58,
      "java": 5,
      "java": 46,
      "java": 10,
      "java": 5,
      "java": 5,
      "java": 14,
      "java": 5,
      "java": 5,
      "java": 15,
      "java": 22,
      "fxml": 1,
      "fxml": 1
    },
    "lsjxavier": {
      "gitignore": 2,
      "java": 7,
      "java": 10,
      "java": 6,
      "java": 88,
      "java": 223,
      "java": 14,
      "java": 10,
      "java": 2,
      "java": 66,
      "java": 3,
      "java": 41,
      "java": 41,
      "java": 51,
      "java": 58,
      "java": 3,
      "java": 4,
      "java": 4,
      "java": 59,
      "java": 53,
      "java": 14,
      "java": 6,
      "java": 33,
      "java": 2,
      "java": 5,
      "java": 188,
      "java": 4,
      "java": 67,
      "java": 15,
      "java": 7,
      "java": 101,
      "java": 143,
      "java": 12,
      "java": 33,
      "java": 10,
      "java": 1,
      "java": 28,
      "java": 44
    },
    "Samanthaseahpl": {
      "gradle": 3,
      "adoc": 44,
      "adoc": 178,
      "html": 1177,
      "java": 1,
      "java": 2,
      "java": 4,
      "java": 1,
      "java": 17,
      "java": 6,
      "java": 1,
      "java": 8,
      "java": 25,
      "java": 3,
      "java": 109,
      "java": 3,
      "java": 3,
      "java": 1,
      "java": 12,
      "java": 2
    },
    "shaungoh97": {
      "adoc": 2,
      "java": 4,
      "java": 6,
      "java": 13,
      "java": 1,
      "java": 3,
      "java": 2,
      "java": 91,
      "java": 5,
      "java": 1,
      "java": 12,
      "java": 17,
      "java": 45,
      "java": 15,
      "java": 12,
      "java": 54,
      "java": 5,
      "java": 5,
      "java": 29,
      "java": 7,
      "java": 88,
      "java": 2,
      "java": 93,
      "java": 33,
      "java": 56,
      "java": 1,
      "java": 10,
      "java": 71,
      "java": 47,
      "java": 25,
      "fxml": 48,
      "java": 6,
      "java": 4
    },
    "ignatiusong": {
      "json": 39,
      "xml": 20,
      "fxml": 9,
      "css": 352,
      "css": 20,
      "fxml": 39,
      "fxml": 60,
      "fxml": 1,
      "fxml": 9,
      "fxml": 12,
      "fxml": 1,
      "fxml": 4,
      "fxml": 6,
      "java": 2,
      "java": 4,
      "java": 10,
      "java": 73,
      "java": 27,
      "java": 2,
      "java": 4,
      "java": 4,
      "java": 43,
      "java": 1,
      "java": 4,
      "java": 50,
      "java": 17,
      "java": 19,
      "java": 7,
      "java": 14,
      "java": 2,
      "java": 9,
      "java": 19,
      "java": 138,
      "java": 4,
      "java": 1,
      "java": 1,
      "java": 8,
      "json": 2,
      "json": 1,
      "json": 1,
      "json": 1,
      "java": 9,
      "java": 7,
      "java": 2,
      "java": 3
    }
  },
  "authorContributionVariance": {
    "leslieharland": 3713757.8,
    "lsjxavier": 57073.137,
    "Samanthaseahpl": 70289.57,
    "shaungoh97": 83546.25,
    "ignatiusong": 310356.8
  },
  "authorDisplayNameMap": {
    "leslieharland": "Leslie Harland",
    "lsjxavier": "Xavier Lee",
    "Samanthaseahpl": "Samantha Seah",
    "shaungoh97": "Shaun Goh",
    "ignatiusong": "Ignatius Ong"
  }
}
